{
	"class_name" : "PinholeCameraParameters",
	"extrinsic" : 
	[
		0.92063324207930497,
		0.22455156881170174,
		0.31939165067789665,
		0.0,
		0.10786746392976326,
		-0.93250168038249881,
		0.34468134023932501,
		0.0,
		0.37523198664813912,
		-0.28287313238980422,
		-0.88271385350410758,
		0.0,
		229.91434227134249,
		143.96933032319131,
		836.96781655958443,
		1.0
	],
	"intrinsic" : 
	{
		"height" : 1080,
		"intrinsic_matrix" : 
		[
			935.30743608719376,
			0.0,
			0.0,
			0.0,
			935.30743608719376,
			0.0,
			959.5,
			539.5,
			1.0
		],
		"width" : 1920
	},
	"version_major" : 1,
	"version_minor" : 0
}