{
	"class_name" : "PinholeCameraParameters",
	"extrinsic" : 
	[
		0.55921729147215393,
		0.47329381060827103,
		0.68063866313812227,
		0.0,
		0.39888482617493431,
		-0.87334526402023283,
		0.27956921372143689,
		0.0,
		0.72675093145171865,
		0.11515649635748793,
		-0.67717949243958009,
		0.0,
		-875.79398000102174,
		-231.13313619934945,
		4645.2645099428537,
		1.0
	],
	"intrinsic" : 
	{
		"height" : 1080,
		"intrinsic_matrix" : 
		[
			935.30743608719376,
			0.0,
			0.0,
			0.0,
			935.30743608719376,
			0.0,
			959.5,
			539.5,
			1.0
		],
		"width" : 1920
	},
	"version_major" : 1,
	"version_minor" : 0
}