{
	"class_name" : "PinholeCameraParameters",
	"extrinsic" : 
	[
		-0.06746147580045922,
		0.10150720572089748,
		0.99254482844330993,
		0.0,
		-0.29042267017224788,
		-0.95373062998335145,
		0.077798188163872697,
		0.0,
		0.95451748120861879,
		-0.28300913875402506,
		0.093820069541965298,
		0.0,
		-642.83254249905315,
		485.19300471381979,
		3528.7473975778016,
		1.0
	],
	"intrinsic" : 
	{
		"height" : 1080,
		"intrinsic_matrix" : 
		[
			935.30743608719376,
			0.0,
			0.0,
			0.0,
			935.30743608719376,
			0.0,
			959.5,
			539.5,
			1.0
		],
		"width" : 1920
	},
	"version_major" : 1,
	"version_minor" : 0
}