{
	"class_name" : "PinholeCameraParameters",
	"extrinsic" : 
	[
		0.89912827333840395,
		-0.25254756535745237,
		-0.357474579957126,
		0.0,
		-0.42436699759036006,
		-0.7029623564262053,
		-0.57075088857036405,
		0.0,
		-0.10714942575508118,
		0.66487867515791199,
		-0.73922618181488697,
		0.0,
		-112.55002077448566,
		263.69254326588702,
		1038.5549402420452,
		1.0
	],
	"intrinsic" : 
	{
		"height" : 1080,
		"intrinsic_matrix" : 
		[
			935.30743608719376,
			0.0,
			0.0,
			0.0,
			935.30743608719376,
			0.0,
			959.5,
			539.5,
			1.0
		],
		"width" : 1920
	},
	"version_major" : 1,
	"version_minor" : 0
}