{
	"class_name" : "PinholeCameraParameters",
	"extrinsic" : 
	[
		0.88992612342967137,
		-0.26579344131526322,
		-0.37065528647414053,
		0.0,
		-0.40502142560812926,
		-0.83421058135214665,
		-0.37423301666003789,
		0.0,
		-0.2097358806589755,
		0.48316307031260503,
		-0.85003782730552691,
		0.0,
		-123.11336483652681,
		280.6443792693583,
		989.42361821261511,
		1.0
	],
	"intrinsic" : 
	{
		"height" : 1080,
		"intrinsic_matrix" : 
		[
			935.30743608719376,
			0.0,
			0.0,
			0.0,
			935.30743608719376,
			0.0,
			959.5,
			539.5,
			1.0
		],
		"width" : 1920
	},
	"version_major" : 1,
	"version_minor" : 0
}